{
    "random": {
        "avg_main_matches": {
            "mean": 0.4630000000000001,
            "std": 0.11245245909074444
        },
        "avg_star_matches": {
            "mean": 0.316,
            "std": 0.05947922139518789
        },
        "avg_within_5": {
            "mean": 3.5509999999999997,
            "std": 0.1299102254122695
        }
    },
    "trained": {
        "avg_main_matches": {
            "mean": 0.5279999999999999,
            "std": 0.12245634142646739
        },
        "avg_star_matches": {
            "mean": 0.39,
            "std": 0.03527668414752788
        },
        "avg_within_5": {
            "mean": 3.3049999999999997,
            "std": 0.08579691784155836
        }
    }
}